{"_runtime":19,"_timestamp":1.7724522208246555e+09,"train_loss":0.04350020401501563,"batch_loss":0.09223161243478113,"epoch":5,"grad_norm_layer1":0.4705396487491602,"test_f1":0.9773964515441061,"tanh_saturation_ratio":0.30419921875,"test_accuracy":0.9774,"_wandb":{"runtime":19},"_step":2349}