{"batch_loss":0.0883803247872913,"test_accuracy":0.9797,"test_f1":0.9796927330712186,"_wandb":{"runtime":17},"_runtime":17,"_step":2349,"train_loss":0.03632463744663765,"dead_neuron_ratio":0.5536295572916666,"_timestamp":1.7724530032368388e+09,"epoch":5,"grad_norm_layer1":0.591158540408142}