{"grad_norm_layer1":0.5890950463772745,"_timestamp":1.772452734827473e+09,"train_loss":0.03774811423572046,"test_accuracy":0.9796,"dead_neuron_ratio":0.5399983723958334,"test_f1":0.9795902264378438,"_runtime":29,"batch_loss":0.08211015087132585,"_step":2349,"epoch":5,"_wandb":{"runtime":29}}