{"val_loss":0.1800714294827659,"_wandb":{"runtime":15},"test_accuracy":0.9469,"_timestamp":1.7724735096973405e+09,"batch_loss":0.5458129063730337,"train_loss":0.19647530243516176,"epoch":5,"_runtime":15,"grad_norm_layer1":2.645428443281662,"test_f1":0.9466769362118052,"dead_neuron_ratio":0.328857421875,"_step":4694}