{"batch_loss":0.12641925306436386,"_step":2349,"val_loss":0.08465222963820083,"test_accuracy":0.975,"test_f1":0.9749960498803283,"epoch":5,"grad_norm_layer1":0.2099940429343195,"_runtime":8,"_timestamp":1.772474787515843e+09,"train_loss":0.036923368667424315,"_wandb":{"runtime":8}}