{"batch_loss":0.07107782699553014,"grad_norm_layer1":0.4046352041398351,"dead_neuron_ratio":0.4541015625,"_timestamp":1.7724541620067105e+09,"_wandb":{"runtime":5},"_runtime":5,"_step":1874}