{"batch_loss":0.06976475221944932,"grad_norm_layer1":0.590083468480882,"dead_neuron_ratio":0.5409749348958334,"_timestamp":1.7724528962685301e+09,"train_loss":0.03661454194264443,"_step":2349,"test_f1":0.98060146328917,"_runtime":16,"epoch":5,"test_accuracy":0.9806,"_wandb":{"runtime":16}}