{"batch_loss":0.10215477489405579,"_timestamp":1.772451683919054e+09,"epoch":5,"dead_neuron_ratio":0.5787760416666666,"test_accuracy":0.9803,"_runtime":14,"_wandb":{"runtime":14},"train_loss":0.037064432821485194,"_step":2349,"grad_norm_layer1":0.6067350970025809,"test_f1":0.9803022476170796}