{"_timestamp":1.7724744685714357e+09,"test_f1":0.9641693684831851,"_runtime":12,"epoch":5,"val_loss":0.11658719595545668,"batch_loss":0.38993888431633383,"test_accuracy":0.9642,"_wandb":{"runtime":12},"tanh_saturation_ratio":0.8701171875,"train_loss":0.09327541894427707,"_step":4694,"grad_norm_layer1":0.8741109340605318}