{"tanh_saturation_ratio":0.8015950520833334,"_timestamp":1.7724748308391054e+09,"_step":2349,"batch_loss":0.11982510695451437,"train_loss":0.060149516950090645,"test_accuracy":0.9722,"_runtime":9,"val_loss":0.09861446896291703,"test_f1":0.9721921801485814,"grad_norm_layer1":0.37923000196354406,"epoch":5,"_wandb":{"runtime":9}}