{"train_loss":0.04223067010157387,"_runtime":20,"epoch":5,"_wandb":{"runtime":20},"tanh_saturation_ratio":0.3135172526041667,"_step":2349,"batch_loss":0.09456574026590314,"test_accuracy":0.9781,"test_f1":0.9781041194287895,"_timestamp":1.7724521387779355e+09,"grad_norm_layer1":0.5144226206350574}