{"val_loss":2.3010178619660486,"epoch":5,"_wandb":{"runtime":4},"grad_norm_layer1":0.0005501972547868151,"_step":2349,"test_accuracy":0.1135,"_runtime":4,"batch_loss":2.298730410937754,"test_f1":0.023138302649304,"train_loss":2.3012372783338004,"_timestamp":1.772471812014702e+09}