{"batch_loss":0.15815225591303192,"train_loss":0.06338187090186821,"test_accuracy":0.9692,"test_f1":0.9691774264160822,"epoch":5,"_timestamp":1.7724741931830645e+09,"_step":2349,"_runtime":8,"val_loss":0.11068252402447035,"_wandb":{"runtime":8},"grad_norm_layer1":0.3530228196093527,"tanh_saturation_ratio":0.7910970052083334}