{"_timestamp":1.7724746602718747e+09,"train_loss":0.03546600733805272,"grad_norm_layer1":0.19421080734884388,"test_accuracy":0.9759,"test_f1":0.9758902333564429,"val_loss":0.08124405771379999,"_runtime":8,"_step":2349,"batch_loss":0.14614005572714794,"epoch":5,"_wandb":{"runtime":8}}