{"_runtime":14,"epoch":5,"test_f1":0.9756957187831214,"_wandb":{"runtime":14},"dead_neuron_ratio":0.83349609375,"test_accuracy":0.9757,"_step":4694,"grad_norm_layer1":0.35980040920534756,"batch_loss":0.1204148967774842,"_timestamp":1.7724531882220397e+09,"train_loss":0.0585978671211256}