{"_timestamp":1.772451634344851e+09,"epoch":5,"_wandb":{"runtime":25},"tanh_saturation_ratio":0.3251953125,"test_accuracy":0.9742,"test_f1":0.9741984523525351,"batch_loss":0.1739074649802635,"_runtime":25,"_step":4694,"grad_norm_layer1":1.2628621888120053,"train_loss":0.06897754368349075}