{"tanh_saturation_ratio":0,"_timestamp":1.7724541737702987e+09,"_step":468,"batch_loss":2.302636050641395,"_wandb":{"runtime":1},"_runtime":1,"grad_norm_layer1":0.010911413522665343}