{"_timestamp":1.7724814702708318e+09,"val_loss":0.09233429816547825,"_runtime":15,"train_loss":0.04433222064697172,"test_accuracy":0.9727,"batch_loss":0.21620813131800518,"epoch":5,"_wandb":{"runtime":15},"grad_norm_layer1":0.2872780330596134,"test_f1":0.9726884208460802,"_step":4694}