{"test_f1":0.97480569198948,"_runtime":8,"_timestamp":1.7724742104050314e+09,"test_accuracy":0.9748,"_wandb":{"runtime":8},"_step":2349,"train_loss":0.03699620613950985,"grad_norm_layer1":0.2069433190882787,"epoch":5,"batch_loss":0.12502990934515215,"val_loss":0.08483058372848819}