{"_step":2349,"grad_norm_layer1":0.3923816916048954,"batch_loss":0.16739400015372138,"test_accuracy":0.9647,"val_loss":0.12120227514873246,"_runtime":9,"_wandb":{"runtime":9},"train_loss":0.06526517753380269,"tanh_saturation_ratio":0.8024088541666666,"epoch":5,"_timestamp":1.772481503351986e+09,"test_f1":0.9646638236571382}