{"test_f1":0.9786154740746801,"epoch":5,"_wandb":{"runtime":16},"test_accuracy":0.9786,"grad_norm_layer1":0.580568276895029,"_step":2349,"batch_loss":0.09547933830842636,"_runtime":16,"dead_neuron_ratio":0.5672607421875,"train_loss":0.03824870432178121,"_timestamp":1.7724528034435487e+09}