{"val_loss":0.07366669326653136,"batch_loss":0.18009452790037422,"grad_norm_layer1":1.1245789073869035,"train_loss":0.04872330390868288,"test_accuracy":0.9786,"test_f1":0.9786090635120936,"tanh_saturation_ratio":0.2879638671875,"_step":9379,"epoch":5,"_timestamp":1.7724719725827072e+09,"_wandb":{"runtime":56},"_runtime":56}