{"_wandb":{"runtime":1},"_runtime":1,"batch_loss":2.3026331299259466,"grad_norm_layer1":0.011854062165196954,"tanh_saturation_ratio":0,"_timestamp":1.772454186232907e+09,"_step":937}